Date,Modele,Prediction_MW
2025-11-13T14:00:00Z,ARIMA,51634.0629449868
2025-11-13T15:00:00Z,ARIMA,51203.1164201077
2025-11-13T16:00:00Z,ARIMA,52705.3124400668
2025-11-13T17:00:00Z,ARIMA,56267.0961745229
2025-11-13T18:00:00Z,ARIMA,57059.6641126602
2025-11-13T19:00:00Z,ARIMA,53953.4786944635
2025-11-13T20:00:00Z,ARIMA,51107.1010559895
2025-11-13T21:00:00Z,ARIMA,50527.811312447
2025-11-13T22:00:00Z,ARIMA,50528.95434674
2025-11-13T23:00:00Z,ARIMA,48456.8664200033
2025-11-14T00:00:00Z,ARIMA,46054.4606421642
2025-11-14T01:00:00Z,ARIMA,44651.710920389
2025-11-14T02:00:00Z,ARIMA,42779.5528133444
2025-11-14T03:00:00Z,ARIMA,41971.3746864644
2025-11-14T04:00:00Z,ARIMA,43409.8705989618
2025-11-14T05:00:00Z,ARIMA,46978.715186346
2025-11-14T06:00:00Z,ARIMA,51084.1973025307
2025-11-14T07:00:00Z,ARIMA,52551.8927415452
2025-11-14T08:00:00Z,ARIMA,52838.2710472517
2025-11-14T09:00:00Z,ARIMA,52630.8408502395
2025-11-14T10:00:00Z,ARIMA,52530.120477797
2025-11-14T11:00:00Z,ARIMA,53483.4680710869
2025-11-14T12:00:00Z,ARIMA,52560.557542528
2025-11-14T13:00:00Z,ARIMA,51336.3919035348
2025-11-14T14:00:00Z,ARIMA,50482.1851541684
2025-11-14T15:00:00Z,ARIMA,49951.4218148392
2025-11-14T16:00:00Z,ARIMA,51537.5075051015
2025-11-14T17:00:00Z,ARIMA,55177.5585505775
2025-11-14T18:00:00Z,ARIMA,56043.1482559023
2025-11-14T19:00:00Z,ARIMA,53005.0906220088
2025-11-14T20:00:00Z,ARIMA,50222.2747839795
2025-11-14T21:00:00Z,ARIMA,49702.2868732659
2025-11-14T22:00:00Z,ARIMA,49758.7572795381
2025-11-14T23:00:00Z,ARIMA,47738.2886357832
2025-11-15T00:00:00Z,ARIMA,45384.0425713051
2025-11-15T01:00:00Z,ARIMA,44026.2248566608
2025-11-15T02:00:00Z,ARIMA,42195.9873742195
2025-11-15T03:00:00Z,ARIMA,41426.9203149134
2025-11-15T04:00:00Z,ARIMA,42901.9060369316
2025-11-15T05:00:00Z,ARIMA,46504.7948547974
2025-11-15T06:00:00Z,ARIMA,50642.0395272768
2025-11-15T07:00:00Z,ARIMA,52139.3687682042
2025-11-15T08:00:00Z,ARIMA,52453.3947924278
2025-11-15T09:00:00Z,ARIMA,52271.7593395878
2025-11-15T10:00:00Z,ARIMA,52195.1049249386
2025-11-15T11:00:00Z,ARIMA,53170.9055544223
2025-11-15T12:00:00Z,ARIMA,52268.943239878
2025-11-15T13:00:00Z,ARIMA,51064.3218472226
2025-11-15T14:00:00Z,ARIMA,50228.3494716621
2025-11-15T15:00:00Z,ARIMA,49714.5984224131
2025-11-15T16:00:00Z,ARIMA,51316.556224153
2025-11-15T17:00:00Z,ARIMA,54971.415618274
2025-11-15T18:00:00Z,ARIMA,55850.8212037291
2025-11-15T19:00:00Z,ARIMA,52825.6534975619
2025-11-15T20:00:00Z,ARIMA,50054.8636929968
2025-11-15T21:00:00Z,ARIMA,49546.0958204367
2025-11-15T22:00:00Z,ARIMA,49613.0342880643
2025-11-15T23:00:00Z,ARIMA,47602.3321270112
2025-11-16T00:00:00Z,ARIMA,45257.1979869981
2025-11-16T01:00:00Z,ARIMA,43907.8815076491
2025-11-16T02:00:00Z,ARIMA,42085.5755002572
2025-11-16T03:00:00Z,ARIMA,41323.908341586
2025-11-16T04:00:00Z,ARIMA,42805.7980164082
2025-11-16T05:00:00Z,ARIMA,46415.1280781055
2025-11-16T06:00:00Z,ARIMA,50558.3822966053
2025-11-16T07:00:00Z,ARIMA,52061.3183185079
2025-11-16T08:00:00Z,ARIMA,52380.5753523279
2025-11-16T09:00:00Z,ARIMA,52203.8203222332
2025-11-16T10:00:00Z,ARIMA,52131.7192401163
2025-11-16T11:00:00Z,ARIMA,53111.7680337922
2025-11-16T12:00:00Z,ARIMA,52213.7691677499
2025-11-16T13:00:00Z,ARIMA,51012.8455898015
2025-11-16T14:00:00Z,ARIMA,50180.3231981631
2025-11-16T15:00:00Z,ARIMA,49669.7909118877
2025-11-16T16:00:00Z,ARIMA,51274.7517522836
2025-11-16T17:00:00Z,ARIMA,54932.4129187758
2025-11-16T18:00:00Z,ARIMA,55814.4324993605
2025-11-16T19:00:00Z,ARIMA,52791.7035960765
2025-11-16T20:00:00Z,ARIMA,50023.1891436863
2025-11-16T21:00:00Z,ARIMA,49516.5441272027
2025-11-16T22:00:00Z,ARIMA,49585.4631752305
2025-11-16T23:00:00Z,ARIMA,47576.6088543421
2025-11-17T00:00:00Z,ARIMA,45233.1987106251
2025-11-17T01:00:00Z,ARIMA,43885.4906838283
2025-11-17T02:00:00Z,ARIMA,42064.6853290878
2025-11-17T03:00:00Z,ARIMA,41304.4182480111
2025-11-17T04:00:00Z,ARIMA,42787.6141659994
2025-11-17T05:00:00Z,ARIMA,46398.1629253001
2025-11-17T06:00:00Z,ARIMA,50542.554163221
2025-11-17T07:00:00Z,ARIMA,52046.5510005058
2025-11-17T08:00:00Z,ARIMA,52366.7977529307
2025-11-17T09:00:00Z,ARIMA,52190.9661096319
2025-11-17T10:00:00Z,ARIMA,52119.7265281179
2025-11-17T11:00:00Z,ARIMA,53100.5790838707
2025-11-17T12:00:00Z,ARIMA,52203.3301110659
2025-11-17T13:00:00Z,ARIMA,51003.1061678526
2025-11-17T14:00:00Z,ARIMA,50171.2365208157
2025-11-17T15:00:00Z,ARIMA,49661.313231626
2025-11-17T16:00:00Z,ARIMA,51266.8422535887
2025-11-17T17:00:00Z,ARIMA,54925.0335216209
2025-11-17T18:00:00Z,ARIMA,55807.5476758754
2025-11-17T19:00:00Z,ARIMA,52785.2801995
2025-11-17T20:00:00Z,ARIMA,50017.1962487823
2025-11-17T21:00:00Z,ARIMA,49510.9528813715
2025-11-17T22:00:00Z,ARIMA,49580.246659599
2025-11-17T23:00:00Z,ARIMA,47571.7419541636
2025-11-18T00:00:00Z,ARIMA,45228.6579943653
2025-11-18T01:00:00Z,ARIMA,43881.2542903549
2025-11-18T02:00:00Z,ARIMA,42060.7328624207
2025-11-18T03:00:00Z,ARIMA,41300.7306791267
2025-11-18T04:00:00Z,ARIMA,42784.173741216
2025-11-18T05:00:00Z,ARIMA,46394.9530808033
2025-11-18T06:00:00Z,ARIMA,50539.5594453177
2025-11-18T07:00:00Z,ARIMA,52043.756991223
2025-11-18T08:00:00Z,ARIMA,52364.1910006007
2025-11-18T09:00:00Z,ARIMA,52188.5340641294
2025-11-18T10:00:00Z,ARIMA,52117.4574804381
2025-11-18T11:00:00Z,ARIMA,53098.4621097567
2025-11-18T12:00:00Z,ARIMA,52201.3550184138
2025-11-18T13:00:00Z,ARIMA,51001.2634476423
2025-11-18T14:00:00Z,ARIMA,50169.5173013301
2025-11-18T15:00:00Z,ARIMA,49659.7092357383
2025-11-18T16:00:00Z,ARIMA,51265.3457589123
2025-11-18T17:00:00Z,ARIMA,54923.6373233303
2025-11-18T18:00:00Z,ARIMA,55806.2450520188
2025-11-18T19:00:00Z,ARIMA,52784.0648786368
2025-11-18T20:00:00Z,ARIMA,50016.0623797893
2025-11-18T21:00:00Z,ARIMA,49509.8950052729
2025-11-18T22:00:00Z,ARIMA,49579.2596832844
2025-11-18T23:00:00Z,ARIMA,47570.8211258672
2025-11-19T00:00:00Z,ARIMA,45227.7988807891
2025-11-19T01:00:00Z,ARIMA,43880.4527553241
2025-11-19T02:00:00Z,ARIMA,42059.9850469707
2025-11-19T03:00:00Z,ARIMA,41300.0329829241
2025-11-19T04:00:00Z,ARIMA,42783.5228052248
2025-11-19T05:00:00Z,ARIMA,46394.3457711132
2025-11-19T06:00:00Z,ARIMA,50538.9928380557
2025-11-19T07:00:00Z,ARIMA,52043.2283584767
2025-11-19T08:00:00Z,ARIMA,52363.6977972847
2025-11-19T09:00:00Z,ARIMA,52188.0739157322
2025-11-19T10:00:00Z,ARIMA,52117.0281715901
2025-11-19T11:00:00Z,ARIMA,53098.0615735641
2025-11-19T12:00:00Z,ARIMA,52200.9813265082
2025-11-19T13:00:00Z,ARIMA,51000.914800896
2025-11-19T14:00:00Z,ARIMA,50169.1920211946
2025-11-19T15:00:00Z,ARIMA,49659.4057561627
2025-11-19T16:00:00Z,ARIMA,51265.062618804
2025-11-19T17:00:00Z,ARIMA,54923.3731595204
2025-11-19T18:00:00Z,ARIMA,55805.9985926991
2025-11-19T19:00:00Z,ARIMA,52783.8349372369
2025-11-19T20:00:00Z,ARIMA,50015.8478492638
2025-11-19T21:00:00Z,ARIMA,49509.6948527714
2025-11-19T22:00:00Z,ARIMA,49579.0729451791
2025-11-19T23:00:00Z,ARIMA,47570.6469031135
2025-11-20T00:00:00Z,ARIMA,45227.6363345971
2025-11-20T01:00:00Z,ARIMA,43880.3011031205
2025-11-20T02:00:00Z,ARIMA,42059.8435586308
2025-11-20T03:00:00Z,ARIMA,41299.9009772568
2025-11-20T04:00:00Z,ARIMA,42783.3996466931
2025-11-20T05:00:00Z,ARIMA,46394.2308667743
2025-11-20T06:00:00Z,ARIMA,50538.8856347064
2025-11-20T07:00:00Z,ARIMA,52043.1283399899
2025-11-20T08:00:00Z,ARIMA,52363.6044821246
2025-11-20T09:00:00Z,ARIMA,52187.986854636
2025-11-20T10:00:00Z,ARIMA,52116.9469454049
2025-11-20T11:00:00Z,ARIMA,53097.9857912291
2025-11-20T12:00:00Z,ARIMA,52200.9106231718
2025-11-20T13:00:00Z,ARIMA,51000.8488361592
